feature,importance
volume_std_60,0.049233529910519214
price_volatility_ratio,0.045641484521291034
price_change_30d,0.04149516081809036
macd_signal,0.04135286702549108
rsi_ma,0.04130715950085581
price_change_60d,0.04028695644199062
trend_strength_60,0.039397798813477616
sma_120_distance,0.03907597524559217
rsi_trend_interaction_trend_strength_20,0.03802763631234694
relative_strength_200,0.034868210992524115
price_position_5,0.03315727332490778
price_sma_50_distance_ma,0.03306698390637142
price_sma_10_distance_ma,0.03267363875902354
stoch_d,0.03152721444408663
vpt_ratio,0.03100516546805451
price_sma_5_distance,0.0308706789277675
roc_10,0.029482578807783013
low_change_2d,0.029104680881048856
rsi_macd_interaction,0.028682024988990813
macd_volume_interaction_volume_ratio_20,0.028564483200862013
vol_mom_interaction_volatility_20d_momentum_5,0.02691678722938773
bb_position,0.02674795582672944
price_position_10,0.026679438420791502
price_position_50,0.026431376611098997
high_change_5d,0.025738578632215063
price_change_5d,0.02516644573005164
price_sma_20_distance,0.02514978457323659
price_change_3d,0.02510406504118782
volume_ratio_60,0.02505670702175962
sma_10_ratio,0.024588764302168553
low_change_3d,0.022075003754589484
sma_cross_20_60,0.001068753635853636
rsi_neutral,0.0004548369298548496
