feature,importance
volume_std_60,0.050093336290528784
price_volatility_ratio,0.04433878263746905
macd_signal,0.041324283440617796
trend_strength_60,0.03795369992970252
price_change_60d,0.037823838215778026
rsi_trend_interaction_trend_strength_20,0.03779545578157787
rsi_ma,0.03669726216723417
relative_strength_200,0.03653061992243491
sma_120_distance,0.035765424846319
price_change_30d,0.03531318974676654
price_position_5,0.032987670141349845
stoch_d,0.03297651008926054
price_sma_50_distance_ma,0.03213590038155615
low_change_2d,0.03143726557283211
rsi_macd_interaction,0.029684677460857418
price_sma_10_distance_ma,0.029164450143500577
vpt_ratio,0.02864960899900156
price_sma_5_distance,0.02779589710053365
price_change_10d,0.027456082725622184
volume_ratio_60,0.027169866647271477
high_change_5d,0.027068034413011026
rsi,0.026653719240906853
price_change_5d,0.026034335073711272
macd_volume_interaction_volume_ratio_20,0.02591496534032498
vol_mom_interaction_volatility_20d_momentum_5,0.02591278535806201
price_position_10,0.02573226338401599
low_change_3d,0.024774848604901586
bb_position,0.02462547257017919
price_sma_20_distance,0.024560383033163553
price_sma_10_distance,0.0244105658475138
price_position_50,0.024371822471802158
price_change_3d,0.024233709946965738
sma_cross_20_60,0.0021225081604970236
rsi_neutral,0.0004907643147306029
