feature,importance
volume_std_60,0.0519550170286343
price_volatility_ratio,0.04690795178937599
rsi_ma,0.0386147301083696
macd_signal,0.038589614703943204
sma_120_distance,0.038066752639666475
trend_strength_60,0.037783560947494826
price_change_60d,0.03766814291382129
rsi_trend_interaction_trend_strength_20,0.03665961514927782
relative_strength_200,0.035557656635011425
price_change_30d,0.03486302884569269
price_position_5,0.03306105289870103
price_sma_50_distance_ma,0.031310675949974436
stoch_d,0.030621432364140798
rsi_macd_interaction,0.029783895665572303
low_change_2d,0.02960825989042923
price_sma_10_distance_ma,0.0294728062169077
vpt_ratio,0.029289191460481343
roc_10,0.028113028988296797
vol_mom_interaction_volatility_20d_momentum_5,0.027978732186265457
price_position_10,0.027645849703680572
bb_position,0.026825545140099934
sma_5_ratio,0.026453536323392854
rsi,0.026439349996186697
roc_5,0.026365556847193425
macd_volume_interaction_volume_ratio_20,0.026061817585047664
volume_ratio_60,0.025994675545834366
low_change_3d,0.02511280827025242
high_change_5d,0.025008194921621707
price_position_50,0.024339281415400052
sma_10_ratio,0.023978223514994117
price_change_3d,0.023814543883006245
relative_strength,0.023578823950125054
sma_cross_20_60,0.0020762609623518487
rsi_neutral,0.00040038555875629905
