feature,importance
volume_std_60,0.051951908222080616
price_volatility_ratio,0.04687632370364786
macd_signal,0.03861927582212661
rsi_ma,0.038607476278672746
sma_120_ratio,0.038080324743650806
trend_strength_60,0.03773644002627121
price_change_60d,0.03762928987168805
rsi_trend_interaction_trend_strength_20,0.036606126527003825
relative_strength_200,0.035593805600802816
price_change_30d,0.03486208574655326
price_position_5,0.03299314495930708
price_sma_50_distance_ma,0.031356283585079206
stoch_d,0.030561135409820205
rsi_macd_interaction,0.029808195840967344
low_change_2d,0.029606107580047433
price_sma_10_distance_ma,0.029463519424157886
vpt_ratio,0.029288921257682798
price_change_10d,0.02802395764646377
vol_mom_interaction_volatility_20d_momentum_5,0.027969256333609967
price_position_10,0.02764443955429398
bb_position,0.02685038586076952
rsi,0.02652008651536242
price_change_5d,0.026481370799749427
sma_5_ratio,0.02644128241838404
macd_volume_interaction_volume_ratio_20,0.026088108902480204
volume_ratio_60,0.026031558357338835
low_change_3d,0.025104710415897073
high_change_5d,0.024971135614690342
price_position_50,0.024372424372712784
sma_10_ratio,0.02401591518666321
price_change_3d,0.023810864006929472
price_sma_20_distance,0.023561486463710063
sma_cross_20_60,0.002075828338220014
rsi_neutral,0.00039682461316510945
