feature,importance
volume_std_60,0.04646746591302787
price_volatility_ratio,0.04538721842770581
trend_strength_60,0.039478089541652356
macd_signal,0.038910956893052864
sma_120_ratio,0.038213016612865365
price_change_60d,0.03815594652530897
rsi_ma,0.03644165072797968
stoch_d,0.03550509491963526
rsi_trend_interaction_trend_strength_20,0.03499537098879026
price_change_30d,0.03316567645421936
price_sma_50_distance_ma,0.03184244660483917
price_position_5,0.03179291328921159
relative_strength_200,0.03130328425569832
price_sma_10_distance_ma,0.031285298730771106
rsi,0.029841280731705132
low_change_2d,0.029348548637357693
rsi_macd_interaction,0.0288916547958319
price_sma_5_distance,0.028559622499306762
price_change_10d,0.028214392890146663
volume_ratio_60,0.02792713806286999
vpt_ratio,0.027699124333645034
bb_position,0.027551531574512234
macd_volume_interaction_volume_ratio_20,0.02741510547125451
vol_mom_interaction_volatility_20d_momentum_5,0.027397012784443512
high_change_5d,0.026879569430432564
price_change_3d,0.025937822121974714
price_position_10,0.025856520116985898
price_position_50,0.025448362200408435
price_change_5d,0.025135923041368503
low_change_3d,0.024816997950344498
sma_10_ratio,0.024621463330393625
price_sma_20_distance,0.022584119875951648
sma_cross_20_60,0.002498228202577893
rsi_neutral,0.0004311520637308468
