feature,importance
volume_std_60,0.051916179329471415
price_volatility_ratio,0.046861627974913896
macd_signal,0.03859736287596098
rsi_ma,0.03858900824230712
sma_120_ratio,0.03809253726876438
trend_strength_60,0.03781083132995295
price_change_60d,0.03756726933590722
rsi_trend_interaction_trend_strength_20,0.03675210567798453
relative_strength_200,0.03550433402608103
price_change_30d,0.03494585042655325
price_position_5,0.03296026161952086
price_sma_50_distance_ma,0.03141822835535741
stoch_d,0.030533745412064047
rsi_macd_interaction,0.029751655100981666
low_change_2d,0.02971022868806
price_sma_10_distance_ma,0.02938429159359482
vpt_ratio,0.029292737220012514
vol_mom_interaction_volatility_20d_momentum_5,0.028012109351782492
price_change_10d,0.028004278628509717
price_position_10,0.027639599537186695
bb_position,0.026843993233582403
rsi,0.026518596069049577
sma_5_ratio,0.02641762163924993
price_change_5d,0.02640324303308433
macd_volume_interaction_volume_ratio_20,0.026023750621062842
volume_ratio_60,0.02600896352769658
low_change_3d,0.025038379958231764
high_change_5d,0.024972141003996563
price_position_50,0.02442304388122539
sma_10_ratio,0.023978223514994117
price_change_3d,0.02390217693809285
price_sma_20_distance,0.023600780483683383
sma_cross_20_60,0.002128019487918193
rsi_neutral,0.00039682461316510945
