feature,importance
volume_std_60,0.05199527062330624
price_volatility_ratio,0.04683008789421208
macd_signal,0.03872544957520317
rsi_ma,0.03855715539748359
sma_120_ratio,0.03811842450344482
trend_strength_60,0.037777360698369296
price_change_60d,0.037575507082728894
rsi_trend_interaction_trend_strength_20,0.0366730468117939
relative_strength_200,0.0354550760390298
price_change_30d,0.034951234773898346
price_position_5,0.03300531959192712
price_sma_50_distance_ma,0.03148205855650882
stoch_d,0.030535591956069315
rsi_macd_interaction,0.029780171703954136
low_change_2d,0.02973303091589098
price_sma_10_distance_ma,0.029362095403630873
vpt_ratio,0.029339611317035576
vol_mom_interaction_volatility_20d_momentum_5,0.027995025158779097
price_change_10d,0.027976815468059506
price_position_10,0.027657871834325175
bb_position,0.026831767396298473
rsi,0.02648827614908196
price_change_5d,0.026418739491558825
sma_5_ratio,0.02639422085214355
volume_ratio_60,0.02595436916237284
macd_volume_interaction_volume_ratio_20,0.025921625914354537
low_change_3d,0.025009307285140416
high_change_5d,0.024890102508629983
price_position_50,0.024473585751515276
price_sma_10_distance,0.0240080964636187
price_change_3d,0.02390218215591829
relative_strength,0.023656677462633124
sma_cross_20_60,0.002128019487918193
rsi_neutral,0.00039682461316510945
