feature,importance
volume_std_60,0.05195447415682313
price_volatility_ratio,0.046890041295243615
macd_signal,0.03862422215290735
rsi_ma,0.03860955818755409
sma_120_distance,0.03808082730026309
trend_strength_60,0.037744532866010476
price_change_60d,0.03762928987168805
rsi_trend_interaction_trend_strength_20,0.03662768294321701
relative_strength_200,0.03559807376248894
price_change_30d,0.034862917349786346
price_position_5,0.032994957350239974
price_sma_50_distance_ma,0.03130910197066353
stoch_d,0.030622521888141182
rsi_macd_interaction,0.029817688403393935
low_change_2d,0.029536399692006856
price_sma_10_distance_ma,0.029464772112663355
vpt_ratio,0.029288921257682798
roc_10,0.02802427948047061
vol_mom_interaction_volatility_20d_momentum_5,0.027969375158771834
price_position_10,0.027644942899605097
bb_position,0.026853499440095484
price_change_5d,0.026482256649019306
rsi,0.026481923011475353
sma_5_ratio,0.026445945783916392
macd_volume_interaction_volume_ratio_20,0.026088108902480204
volume_ratio_60,0.026057962188767783
low_change_3d,0.025105303028786056
high_change_5d,0.024968511848401896
price_position_50,0.02433924131506402
sma_10_ratio,0.02401591518666321
price_change_3d,0.023811307726055785
relative_strength,0.02357879829854509
sma_cross_20_60,0.0020762609623518487
rsi_neutral,0.00040038555875629905
